select;;;;
;0-5;0-4000;almost-sorted;sorted-descend
100;15783;15979;15664;18093
200;61558;62149;61332;70884
300;137331;138195;137002;158737
400;243111;244435;242679;281155
500;378865;380724;378350;438181
600;544644;546959;544024;628765
700;740402;743189;739705;854363
800;966193;969357;965366;1.11225e+06
900;1.22196e+06;1.22576e+06;1.22104e+06;1.40474e+06
1000;1.50774e+06;1.51209e+06;1.50672e+06;1.72898e+06
1100;1.82352e+06;1.8283e+06;1.82239e+06;2.08885e+06
1200;2.1693e+06;2.17462e+06;2.16807e+06;2.48375e+06
1300;2.54508e+06;2.55107e+06;2.54373e+06;2.90732e+06
1400;2.95089e+06;2.95695e+06;2.94942e+06;3.36887e+06
1500;3.38666e+06;3.39363e+06;3.38508e+06;3.86261e+06
1600;3.85243e+06;3.85978e+06;3.85075e+06;4.38707e+06
1700;4.34821e+06;4.35602e+06;4.34644e+06;4.94551e+06
1800;4.87399e+06;4.88233e+06;4.87211e+06;5.54106e+06
1900;5.42975e+06;5.43865e+06;5.42778e+06;6.16507e+06
2000;6.01553e+06;6.02538e+06;6.01346e+06;6.81873e+06
2100;6.63131e+06;6.64126e+06;6.62915e+06;7.50552e+06
2200;7.27706e+06;7.28796e+06;7.27483e+06;8.2275e+06
2300;7.95286e+06;7.96430e+06;7.95049e+06;8.98169e+06
2400;8.65865e+06;8.67058e+06;8.65616e+06;9.77108e+06
2500;9.39442e+06;9.40705e+06;9.39187e+06;1.05868e+07
2600;1.01602e+07;1.0173e+07;1.01575e+07;1.14348e+07
2700;1.09559e+07;1.09695e+07;1.09532e+07;1.23174e+07
2800;1.17817e+07;1.1796e+07;1.17789e+07;1.32329e+07
2900;1.26375e+07;1.26522e+07;1.26345e+07;1.4179e+07
3000;1.35233e+07;1.35386e+07;1.35202e+07;1.51505e+07
3100;1.44391e+07;1.44553e+07;1.44359e+07;1.61605e+07
3200;1.53849e+07;1.54018e+07;1.53816e+07;1.72043e+07
3300;1.63606e+07;1.63777e+07;1.63573e+07;1.82753e+07
3400;1.73664e+07;1.73836e+07;1.7363e+07;1.9369e+07
3500;1.84022e+07;1.84204e+07;1.83986e+07;2.05058e+07
3600;1.9468e+07;1.94864e+07;1.94643e+07;2.16691e+07
3700;2.05638e+07;2.05827e+07;2.056e+07;2.28658e+07
3800;2.16895e+07;2.17094e+07;2.16856e+07;2.40834e+07
3900;2.28453e+07;2.28656e+07;2.28414e+07;2.53409e+07
4000;2.40311e+07;2.40523e+07;2.4027e+07;2.66278e+07
4100;2.52469e+07;2.52684e+07;2.52427e+07;2.7943e+07
