bubble;;;;
;0-5;0-4000;almost-sorted;sorted-descend
100;29177;30273;22729;40089
200;113041;124001;93809;160173
300;253873;270065;201653;360257
400;444881;480689;361165;640329
500;690521;746037;569009;1.0004e+06
600;1.00266e+06;1.07691e+06;802869;1.44044e+06
700;1.36256e+06;1.47208e+06;1.08971e+06;1.9605e+06
800;1.78474e+06;1.93237e+06;1.44718e+06;2.56052e+06
900;2.25242e+06;2.42732e+06;1.78532e+06;3.24055e+06
1000;2.81278e+06;3.00938e+06;2.25888e+06;4.00053e+06
1100;3.41322e+06;3.64318e+06;2.70058e+06;4.84054e+06
1200;4.03927e+06;4.34961e+06;3.21013e+06;5.76056e+06
1300;4.73915e+06;5.06964e+06;3.79921e+06;6.7605e+06
1400;5.50528e+06;5.88675e+06;4.38286e+06;7.8405e+06
1500;6.31754e+06;6.76250e+06;5.01777e+06;9.00048e+06
1600;7.2112e+06;7.68092e+06;5.76634e+06;1.02404e+07
1700;8.12337e+06;8.65275e+06;6.52774e+06;1.15604e+07
1800;9.12444e+06;9.69167e+06;7.2122e+06;1.29603e+07
1900;1.01586e+07;1.08159e+07;8.04557e+06;1.44403e+07
2000;1.12342e+07;1.19506e+07;8.92015e+06;1.60002e+07
2100;1.24069e+07;1.31983e+07;9.8843e+06;1.76401e+07
2200;1.36327e+07;1.44886e+07;1.07915e+07;1.936e+07
2300;1.49334e+07;1.58432e+07;1.17921e+07;2.11599e+07
2400;1.62652e+07;1.72624e+07;1.28585e+07;2.30398e+07
2500;1.76088e+07;1.86839e+07;1.40183e+07;2.49997e+07
2600;1.89795e+07;2.02165e+07;1.5051e+07;2.70395e+07
2700;2.04844e+07;2.18422e+07;1.62724e+07;2.91594e+07
2800;2.20523e+07;2.34624e+07;1.73706e+07;3.13592e+07
2900;2.36671e+07;2.51559e+07;1.87253e+07;3.3639e+07
3000;2.54063e+07;2.69488e+07;1.99068e+07;3.59988e+07
3100;2.70984e+07;2.8765e+07;2.13376e+07;3.84386e+07
3200;2.88247e+07;3.06308e+07;2.28896e+07;4.09585e+07
3300;3.05818e+07;3.26287e+07;2.4236e+07;4.35582e+07
3400;3.25152e+07;3.46253e+07;2.57359e+07;4.6238e+07
3500;3.45167e+07;3.66444e+07;2.71027e+07;4.89977e+07
3600;3.65088e+07;3.87672e+07;2.87156e+07;5.18375e+07
3700;3.85645e+07;4.08946e+07;3.08191e+07;5.47573e+07
3800;4.06267e+07;4.31326e+07;3.25483e+07;5.77569e+07
3900;4.27803e+07;4.54258e+07;3.38316e+07;6.08366e+07
4000;4.49476e+07;4.7917e+07;3.57969e+07;6.39963e+07
4100;4.7191e+07;5.04138e+07;3.76668e+07;6.72359e+07
