Aversion1;;;;
;0-5;0-4000;almost-sorted;sorted-descend
100;30821;32410;21771;45235
200;118706;134310;97138;180465
300;263268;290405;204745;405695
400;463240;520420;368133;720910
500;720445;806285;581740;1.12612e+06
600;1.04728e+06;1.16651e+06;817900;1.62130e+06
700;1.42644e+06;1.59570e+06;1.09522e+06;2.2065e+06
800;1.87003e+06;2.09543e+06;1.48331e+06;2.88166e+06
900;2.35537e+06;2.62851e+06;1.76317e+06;3.64682e+06
1000;2.94522e+06;3.25822e+06;2.3195e+06;4.50192e+06
1100;3.57323e+06;3.94436e+06;2.76895e+06;5.44705e+06
1200;4.22957e+06;4.70764e+06;3.28772e+06;6.48220e+06
1300;4.96752e+06;5.4858e+06;3.87696e+06;7.60725e+06
1400;5.76104e+06;6.37704e+06;4.4697e+06;8.82237e+06
1500;6.60936e+06;7.32423e+06;5.07784e+06;1.01275e+07
1600;7.54781e+06;8.32088e+06;5.8973e+06;1.15225e+07
1700;8.50687e+06;9.37079e+06;6.69000e+06;1.30076e+07
1800;9.54734e+06;1.04793e+07;7.29285e+06;1.45827e+07
1900;1.0631e+07;1.17123e+07;8.23445e+06;1.62477e+07
2000;1.17537e+07;1.29407e+07;9.12947e+06;1.80027e+07
2100;1.29721e+07;1.42802e+07;1.01386e+07;1.98477e+07
2200;1.42403e+07;1.56826e+07;1.1032e+07;2.17828e+07
2300;1.55889e+07;1.71596e+07;1.19878e+07;2.38078e+07
2400;1.69942e+07;1.86867e+07;1.31897e+07;2.59228e+07
2500;1.83936e+07;2.02186e+07;1.43678e+07;2.81277e+07
2600;1.98136e+07;2.18827e+07;1.52006e+07;3.04226e+07
2700;2.13919e+07;2.36538e+07;1.66882e+07;3.28076e+07
2800;2.30065e+07;2.54095e+07;1.77928e+07;3.52825e+07
2900;2.47264e+07;2.7233e+07;1.91355e+07;3.78474e+07
3000;2.6547e+07;2.91809e+07;2.0316e+07;4.05022e+07
3100;2.83062e+07;3.11279e+07;2.17199e+07;4.32472e+07
3200;3.00809e+07;3.31611e+07;2.34634e+07;4.60821e+07
3300;3.19447e+07;3.53447e+07;2.48537e+07;4.90069e+07
3400;3.39818e+07;3.7497e+07;2.62508e+07;5.20217e+07
3500;3.60848e+07;3.96681e+07;2.77099e+07;5.51265e+07
3600;3.81587e+07;4.19823e+07;2.92614e+07;5.83214e+07
3700;4.03148e+07;4.42684e+07;3.16539e+07;6.16062e+07
3800;4.24678e+07;4.66854e+07;3.34077e+07;6.49809e+07
3900;4.47147e+07;4.91589e+07;3.46699e+07;6.84456e+07
4000;4.6961e+07;5.18924e+07;3.67248e+07;7.20004e+07
4100;4.93224e+07;5.46157e+07;3.867e+07;7.5645e+07
