select;;;;
;0-5;0-4000;almost-sorted;sorted-descend
100;89300;49600;34700;36700
200;175700;137400;120800;180000
300;477100;439800;271300;331600
400;1.0642e+06;533500;540500;662900
500;1.6322e+06;1.0626e+06;907600;1.3075e+06
600;1.9255e+06;1.2657e+06;1.5835e+06;2.0518e+06
700;4.1695e+06;2.6098e+06;1.3421e+06;1.4802e+06
800;7.6093e+06;2.248e+06;2.4259e+06;2.5485e+06
900;2.85e+06;2.8543e+06;2.2079e+06;3.484e+06
1000;4.7378e+06;3.2462e+06;3.187e+06;3.6508e+06
1100;4.5105e+06;4.0284e+06;4.5014e+06;4.8726e+06
1200;5.0198e+06;4.695e+06;4.5705e+06;5.4087e+06
1300;5.5174e+06;6.6743e+06;6.0912e+06;5.6605e+06
1400;6.3403e+06;7.1053e+06;6.3542e+06;8.2653e+06
1500;7.9188e+06;8.5549e+06;6.3046e+06;8.4718e+06
1600;8.2513e+06;9.1761e+06;7.7328e+06;1.07601e+07
1700;1.56767e+07;1.11869e+07;8.6015e+06;9.9806e+06
1800;1.22894e+07;1.06666e+07;1.01364e+07;1.13129e+07
1900;1.17549e+07;1.17921e+07;1.07901e+07;1.64158e+07
2000;1.36423e+07;1.34437e+07;1.1372e+07;1.41048e+07
2100;1.42725e+07;1.44977e+07;1.31731e+07;1.58517e+07
2200;1.59579e+07;1.52582e+07;1.38119e+07;1.63357e+07
2300;1.74589e+07;1.74114e+07;1.74966e+07;1.8365e+07
2400;2.25673e+07;1.90067e+07;1.96878e+07;2.21365e+07
2500;2.33667e+07;2.04772e+07;1.89951e+07;2.23549e+07
2600;2.34906e+07;2.09376e+07;2.0921e+07;2.6847e+07
2700;2.49387e+07;2.80098e+07;2.33601e+07;2.95506e+07
2800;3.179e+07;2.77174e+07;3.09571e+07;2.76442e+07
2900;2.6231e+07;3.14488e+07;2.6306e+07;3.33196e+07
3000;3.12264e+07;3.59967e+07;3.32137e+07;3.41306e+07
3100;3.07065e+07;3.24031e+07;2.90277e+07;3.50251e+07
3200;3.38648e+07;3.65292e+07;3.63859e+07;4.04159e+07
3300;3.52016e+07;3.59134e+07;3.37812e+07;4.60769e+07
3400;3.96739e+07;3.8426e+07;3.54063e+07;5.06818e+07
3500;4.08747e+07;4.23774e+07;3.87187e+07;4.85695e+07
3600;4.71852e+07;4.09869e+07;4.35814e+07;5.00391e+07
3700;4.55557e+07;4.89188e+07;4.04796e+07;5.57858e+07
3800;5.00022e+07;5.14564e+07;4.67012e+07;5.80798e+07
3900;5.09769e+07;5.61004e+07;5.01066e+07;6.09812e+07
4000;5.04312e+07;5.15106e+07;4.94453e+07;6.41633e+07
4100;5.80144e+07;7.27453e+07;5.19484e+07;6.84722e+07
