bubble;;;;
;0-5;0-4000;almost-sorted;sorted-descend
100;90800;76800;47200;78600
200;325400;279500;177000;367000
300;1.0677e+06;856600;382700;857400
400;2.0658e+06;1.8298e+06;1.146e+06;1.1137e+06
500;2.2213e+06;2.8498e+06;1.107e+06;2.3487e+06
600;3.3799e+06;4.1742e+06;1.6294e+06;4.9089e+06
700;7.3436e+06;4.6639e+06;1.8365e+06;4.3492e+06
800;9.1677e+06;5.5605e+06;3.3461e+06;5.9778e+06
900;1.06947e+07;5.885e+06;3.3407e+06;8.5166e+06
1000;8.3789e+06;7.6577e+06;4.9468e+06;9.1513e+06
1100;1.03578e+07;9.2018e+06;5.3235e+06;1.10793e+07
1200;1.21635e+07;1.05467e+07;6.3344e+06;1.1937e+07
1300;1.24544e+07;1.65733e+07;7.2095e+06;1.66231e+07
1400;1.68208e+07;2.18321e+07;8.4755e+06;2.01612e+07
1500;2.16811e+07;2.39894e+07;1.35275e+07;2.02451e+07
1600;2.68975e+07;2.90296e+07;1.10724e+07;2.42577e+07
1700;2.19612e+07;2.3835e+07;1.24789e+07;2.63494e+07
1800;2.83817e+07;2.51178e+07;1.46394e+07;2.9243e+07
1900;3.35227e+07;2.98058e+07;1.71039e+07;4.4379e+07
2000;3.2212e+07;3.51426e+07;1.70369e+07;3.69979e+07
2100;3.35322e+07;4.00211e+07;2.54885e+07;4.20371e+07
2200;4.31026e+07;4.39437e+07;2.33299e+07;4.48836e+07
2300;4.00799e+07;4.49154e+07;2.25181e+07;5.2147e+07
2400;4.8979e+07;4.76677e+07;2.9506e+07;5.24914e+07
2500;5.10703e+07;4.95309e+07;2.80117e+07;6.17988e+07
2600;6.42525e+07;5.91759e+07;3.1073e+07;6.78147e+07
2700;5.53291e+07;6.96952e+07;3.29327e+07;8.77396e+07
2800;6.57559e+07;6.51786e+07;3.69845e+07;7.68732e+07
2900;6.95154e+07;6.4741e+07;4.21592e+07;7.81327e+07
3000;7.1854e+07;7.19581e+07;3.82987e+07;8.52322e+07
3100;7.74985e+07;7.86836e+07;4.64069e+07;9.27054e+07
3200;8.12089e+07;8.51019e+07;4.63523e+07;9.86627e+07
3300;8.85527e+07;9.11848e+07;5.13902e+07;1.01449e+08
3400;9.55856e+07;1.0656e+08;5.2322e+07;1.31298e+08
3500;1.17419e+08;1.11998e+08;5.49513e+07;1.16465e+08
3600;1.00586e+08;1.12105e+08;6.65603e+07;1.15928e+08
3700;1.09828e+08;1.12893e+08;6.91485e+07;1.28843e+08
3800;1.13026e+08;1.42162e+08;6.57791e+07;1.35692e+08
3900;1.21016e+08;1.30804e+08;6.65065e+07;1.40783e+08
4000;1.28286e+08;1.33236e+08;7.575e+07;1.45651e+08
4100;1.34353e+08;1.36955e+08;8.42391e+07;1.55973e+08
