Aversion1;;;;
;0-5;0-4000;almost-sorted;sorted-descend
100;107300;71000;51700;82500
200;363600;266800;202400;415800
300;1.8507e+06;658500;398800;873200
400;1.5519e+06;1.2329e+06;962600;1.158e+06
500;3.0413e+06;2.2773e+06;1.1721e+06;2.9236e+06
600;3.7005e+06;3.3236e+06;1.7485e+06;4.0514e+06
700;8.3921e+06;3.4898e+06;2.2155e+06;4.9388e+06
800;6.5034e+06;4.8969e+06;2.9266e+06;6.0502e+06
900;9.1534e+06;5.8786e+06;3.6273e+06;7.6144e+06
1000;9.3125e+06;6.9124e+06;6.3816e+06;1.01975e+07
1100;9.675e+06;9.6548e+06;5.7154e+06;1.19364e+07
1200;1.15111e+07;1.17499e+07;5.889e+06;1.4932e+07
1300;1.28836e+07;1.40396e+07;8.2573e+06;1.64955e+07
1400;1.80498e+07;1.70445e+07;9.5993e+06;1.93892e+07
1500;2.38093e+07;1.90958e+07;1.35327e+07;2.23692e+07
1600;2.09529e+07;2.57838e+07;1.27691e+07;2.50929e+07
1700;2.15598e+07;2.29346e+07;1.40779e+07;2.69805e+07
1800;2.98469e+07;2.81931e+07;1.39119e+07;3.00608e+07
1900;3.84139e+07;2.78273e+07;2.07487e+07;4.96449e+07
2000;3.24196e+07;3.12954e+07;1.79949e+07;4.50992e+07
2100;3.83872e+07;3.45846e+07;2.38128e+07;4.77267e+07
2200;3.52631e+07;3.77268e+07;2.52427e+07;4.86899e+07
2300;4.07123e+07;4.47233e+07;2.5014e+07;5.02246e+07
2400;4.54471e+07;5.05222e+07;2.47331e+07;5.70645e+07
2500;4.86227e+07;5.45448e+07;3.32461e+07;6.36248e+07
2600;6.50865e+07;5.54643e+07;3.17218e+07;7.24205e+07
2700;6.49984e+07;6.19402e+07;3.51302e+07;8.90892e+07
2800;6.22258e+07;6.6514e+07;3.33509e+07;7.92159e+07
2900;6.36502e+07;7.59322e+07;4.03063e+07;8.08918e+07
3000;9.40638e+07;7.76319e+07;3.83473e+07;8.50312e+07
3100;7.31687e+07;8.03709e+07;4.27305e+07;9.90761e+07
3200;8.19056e+07;9.41293e+07;4.49781e+07;9.57234e+07
3300;8.86957e+07;9.20806e+07;4.89651e+07;1.05818e+08
3400;9.85038e+07;1.01084e+08;5.44773e+07;1.10777e+08
3500;9.35497e+07;1.12978e+08;5.41213e+07;1.17178e+08
3600;9.896e+07;1.10326e+08;6.68578e+07;1.23973e+08
3700;1.00514e+08;1.14771e+08;6.40763e+07;1.33971e+08
3800;1.14678e+08;1.39741e+08;6.91365e+07;1.37841e+08
3900;1.18642e+08;1.28898e+08;6.96411e+07;1.42638e+08
4000;1.45988e+08;1.38991e+08;7.63407e+07;1.52735e+08
4100;1.38007e+08;1.40903e+08;7.82238e+07;1.61406e+08
